SKU,EAN,name
00-UHNG-O3HX,6973902050159,Garage Tool Organizer
1I-CI9H-HF80,6973902050036,5.2mm Double arm hook 6¡¯¡¯
23-682R-B7V2,6973902050029,2'' single peg hook with tip
2Z-GLOE-NZ1C,6973902050074,4'' single peg hook with tip
4O-N3EC-N15P,6973902050685,6'' single peg hook with tip
56-YPD8-Q37X,6973902050517,5.2mm ?¿×°å´øÃ±12¡¯¡¯ 50PC
5U-08LR-4IYY,6973902051880,65PC ¿×°å¹Ò¹³
6973902050197,6973902050197,5.2mm Ë«¹³´øÃ±4¡° 8PC
6973902050203,6973902050203,
6973902050210,6973902050210,
6973902050227,6973902050227,
6973902050234,6973902050234,
6973902050241,6973902050241,
6973902050258,6973902050258,
6973902050265,6973902050265,
6973902050272,6973902050272,
6973902050340,6973902050340,
6973902050388,6973902050388,
6973902050395,6973902050395,
6973902050401,6973902050401,
6973902050418,6973902050418,
6973902050425,6973902050425,
6973902050432,6973902050432,
6973902050449,6973902050449,
6973902050487,6973902050487,
6973902050500,6973902050500,
6973902050661,6973902050661,
6973902050678,6973902050678,
6973902050692,6973902050692,
6973902050708,6973902050708,
6973902050715,6973902050715,
6973902050739,6973902050739,
6973902050760,6973902050760,
6973902052009,6973902052009,
6H-U39F-YZ35,6973902050142,
7U-7Z9D-CAMC,6973902050111,
91-ROAV-FFTA,6973902050128,
9X-B20M-A3FN,6973902050883,
AV-7LCN-PL8W,6973902050371,
Adhesive4HookRail,6973902050456,
BJ-2CN5-FKJG,6973902051927,
D2-CUTD-IQI2,6973902051903,
D3-TRJJ-DY4W,6973902051873,
DS-9TB7-07VO,6973902050135,
EZ-E9TX-8EKN,6973902050012,
F5-EHYT-Z3V1,6973902050722,
GA-1E6Q-9W3R,6973902051859,
IQ-6X61-2Q0A,6973902051910,
JO-FNB2-AI6G,6973902051866,
KS-DWGS-1DWB,6973902050043,
KZ-3F8R-7BYI,6973902050906,
LM-JZ3Z-W4X0,6973902051842,
MW-IL3B-GP1G,6973902050357,
N7-MBH3-6S6H,6973902051859,
NP-1J5I-272V,6973902050050,
NR-LMP7-LDPK,6973902050005,
QG-AEU8-04OB,6973902050104,
S3-M26H-GR56,6973902050067,
U4-43RA-I6J2,6973902050166,
U8-Y2U9-GZ8N,6973902050364,
UZ-VRL9-JP7C,6973902050333,
4F-3EJO-4TA0,6973902050982,
6973902050463,6973902050463,
6973902050470,6973902050470,
6973902050494,6973902050494,
6973902050777,6973902050777,
6973902050784,6973902050784,
6973902050807,6973902050807,
6973902050838,6973902050838,
6973902050845,6973902050845,
6973902050852,6973902050852,
6973902050869,6973902050869,
6973902050913,6973902050913,
6973902050920,6973902050920,
6973902050937,6973902050937,
6973902050944,6973902050944,
6973902050951,6973902050951,
6973902050968,6973902050968,
6973902050975,6973902050975,
6973902050999,6973902050999,
6973902051033,6973902051033,
6973902051040,6973902051040,
6973902051057,6973902051057,
6973902051095,6973902051095,
EQ-3JXP-86GG,6973902050814,
I4-B664-D2WC,6973902050821,
JB-YJK5-B280,6973902051026,
VA-M45T-V8CB,6973902050876,
AC-1HLV-OASV,6973902051156,
6973902051163,6973902051163,
